'name,code,asset_amount,currency_amount,domain
USD Coin,USDC,85.59 USDC,$85.65,centre.io
BTC,BTC,0.00114 BTC,$27.98,ultrastellar.com
Whiplash347,WHIPLASH,1852659.29 WHIPLASH,$23.48,whiplash.technology
FR,FR,3999777443 FR,$10.01,silver.stellar-commodities.com
DBS,DBS,3999999992 DBS,$9.62,silver.stellar-commodities.com
HIL,HIL,1466445167 HIL,$9.30,aluminum.stellar-commodities.com
ZEUS,ZEUS,2622221359.80 ZEUS,$7.65,No Domain
AUCOY,AUCOY,3999777448 AUCOY,$7.02,silver.stellar-commodities.com
CPI,CPI,1010100021 CPI,$6.41,aluminum.stellar-commodities.com
ASE,ASE,1469444646.64 ASE,$5.97,No Domain
Caribou Coffee,CRBU,1022624683 CRBU,$5.81,coffee.stellar-commodities.com
Keurig Dr Pepper,KDP,1008888665 KDP,$5.02,coffee.stellar-commodities.com
RSA,RSA,1999999987 RSA,$4.61,aluminum.stellar-commodities.com
KGHM,KGHM,1999999999 KGHM,$4.23,No Domain
SLV,SLV,3999999733 SLV,$3.38,silver.stellar-commodities.com
MAG Silver Corp.,MAG,3999999443 MAG,$3.17,silver.stellar-commodities.com
INDUSXRP,INDUSXRP,249999976 INDUSXRP,$3.17,No Domain
Yamana Gold Inc.,YAMANA,4999999992 YAMANA,$2.88,silver.stellar-commodities.com
John Deere,JDE,1999999999 JDE,$2.82,agro.stellar-commodities.com
EXK,EXK,4099999768 EXK,$2.74,silver.stellar-commodities.com
Novatek,NOVA,2146999999 NOVA,$2.72,gas.stellar-commodities.com
INDUSXLM,INDUSXLM,139999981 INDUSXLM,$2.66,No Domain
JFE Steel,JFE,1999999999 JFE,$2.50,steel.stellar-commodities.com
Nutrien Ag Solutions,NTRN,999999999 NTRN,$2.49,agro.stellar-commodities.com
General Electric Co.,GEC,2146999999 GEC,$2.45,gas.stellar-commodities.com
GUARDIAN,GUARDIAN,14661.77 GUARDIAN,$2.40,No Domain
PASC,PASC,3999999776 PASC,$2.39,silver.stellar-commodities.com
YARA,YARA,1999999998 YARA,$2.39,agro.stellar-commodities.com
Safco,SFCO,1499999999 SFCO,$2.35,agro.stellar-commodities.com
HKEX,HKEX,1940515802 HKEX,$2.04,No Domain
WPM,WPM,3999999443 WPM,$2.03,silver.stellar-commodities.com
CHALCO,CHALCO,1999899004 CHALCO,$2.03,aluminum.stellar-commodities.com
Rio Tinto Group,TINTO,1999999609 TINTO,$1.95,coal.stellar-commodities.com
AGS,AGS,4999999442 AGS,$1.90,silver.stellar-commodities.com
DuPont,DPNT,989999998 DPNT,$1.89,agro.stellar-commodities.com
Koch Industries Inc,KOCH,2146999999 KOCH,$1.82,gas.stellar-commodities.com
Sanderson Farms,SAFM,999999998 SAFM,$1.81,agro.stellar-commodities.com
RIL,RIL,2146999999 RIL,$1.72,gas.stellar-commodities.com
Codelco,CDL,3999999368 CDL,$1.71,silver.stellar-commodities.com
GPL,GPL,2144444444 GPL,$1.70,gold.stellar-commodities.com
Apollo Diamond Inc.,ADIA,1999999999 ADIA,$1.69,labdia.stellar-commodities.com
The Mosaic Company,MOS,949999998 MOS,$1.67,agro.stellar-commodities.com
Swarovski Diamonds,SVK,1999999999 SVK,$1.64,labdia.stellar-commodities.com
Coffee Beanery,CBRY,3022710406.50 CBRY,$1.55,coffee.stellar-commodities.com
Hecla Mining,HELCA,3999999998 HELCA,$1.54,silver.stellar-commodities.com
KGHM Polska Miedź,KGH,3999999748 KGH,$1.51,silver.stellar-commodities.com
Olam International,OLAM,999999999 OLAM,$1.41,agro.stellar-commodities.com
Chevron Corporation,CVX,2146999999 CVX,$1.36,gas.stellar-commodities.com
SNGS,SNGS,268985164.42 SNGS,$1.33,No Domain
REIT,REIT,1665301397.31 REIT,$1.30,swisscustody.org
SPROTT,SPROTT,2146999999 SPROTT,$1.28,platinum.stellar-commodities.com
EGA,EGA,1003335009 EGA,$1.27,aluminum.stellar-commodities.com
SVM,SVM,5999999995 SVM,$1.25,silver.stellar-commodities.com
INDV,INDV,2140999999 INDV,$1.23,No Domain
SINOPEC,SINOPEC,2146999999 SINOPEC,$1.21,gas.stellar-commodities.com
Sony Group Corp.,SONY,1999999999 SONY,$1.20,silicon.stellar-commodities.com
DB,DB,286444455.19 DB,$1.16,No Domain
Fortuna Silver Mines,FVI,3999999998 FVI,$1.11,silver.stellar-commodities.com
GPM,GPM,3999999443 GPM,$1.08,silver.stellar-commodities.com
Uranium One,URO,2146999999 URO,$1.07,uranium.stellar-commodities.com
Enel S.p.A.,ENEL,2146999999 ENEL,$1.06,gas.stellar-commodities.com
FDP,FDP,999999999 FDP,$1.06,agro.stellar-commodities.com
STEEM,STEEM,210444487.20 STEEM,$1.03,No Domain
INDUSXBRICS,INDUSXBRICS,30000000 INDUSXBRICS,$1.03,No Domain
THBV,THBV,2140999999 THBV,$0.996,No Domain
AEM,AEM,2146999999 AEM,$0.908,gold.stellar-commodities.com
CBTL,CBTL,1499440534 CBTL,$0.899,coffee.stellar-commodities.com
South32,S32,2099999997 S32,$0.888,aluminum.stellar-commodities.com
Shell PLC,SHELL,2146999999 SHELL,$0.876,gas.stellar-commodities.com
Cal-Maine Foods Inc.,CALM,999999999 CALM,$0.841,agro.stellar-commodities.com
DRDGOLD Limited,DRD,2146999999 DRD,$0.838,gold.stellar-commodities.com
Alcoa Corporation,ALCOA,1444444444 ALCOA,$0.832,aluminum.stellar-commodities.com
KAZ,KAZ,2146999999 KAZ,$0.823,uranium.stellar-commodities.com
WRN,WRN,2146999999 WRN,$0.817,gold.stellar-commodities.com
INDUSALGO,INDUSALGO,39999991 INDUSALGO,$0.812,No Domain
Kinross Gold Corp.,KGC,2146999999 KGC,$0.801,gold.stellar-commodities.com
Harmony Gold,HAR,2146999999 HAR,$0.792,gold.stellar-commodities.com
KOZA,KOZA,105263157.89 KOZA,$0.786,No Domain
BKAU,BKAU,1022322575.48 BKAU,$0.763,No Domain
ZML,ZML,999999999 ZML,$0.746,agro.stellar-commodities.com
TSM,TSM,1000000000 TSM,$0.704,silicon.stellar-commodities.com
ADAG,ADAG,2146999999 ADAG,$0.688,gas.stellar-commodities.com
Franco-Nevada Corp.,FNV,2146999999 FNV,$0.681,gold.stellar-commodities.com
YAMA,YAMA,270053180 YAMA,$0.680,No Domain
Gatos Silver Inc.,GATO,3999999553 GATO,$0.677,silver.stellar-commodities.com
TAI,TAI,2140999999 TAI,$0.671,No Domain
PJSC Polyus,PLZL,2146999999 PLZL,$0.662,gold.stellar-commodities.com
INDUSXGOLD,INDUSXGOLD,30590434.57 INDUSXGOLD,$0.660,No Domain
USAS,USAS,2146999999 USAS,$0.656,gold.stellar-commodities.com
AYA,AYA,2146999999 AYA,$0.654,No Domain
INDUSX,INDUSX,26294156.26 INDUSX,$0.653,No Domain
Rio Tinto Group,RIO,2146999999 RIO,$0.649,iron.stellar-commodities.com
Sandstorm Gold Ltd.,SSAU,2146994444 SSAU,$0.649,gold.stellar-commodities.com
Rosneft Oil Company,RSNFT,2146999999 RSNFT,$0.647,gas.stellar-commodities.com
INDUSXRUBLE,INDUSXRUBLE,30000000 INDUSXRUBLE,$0.646,No Domain
McCafe,MCD,1009999370 MCD,$0.641,coffee.stellar-commodities.com
GOA LANDBANK,GOI,162799994.90 GOI,$0.640,agrogenesis.in
Georgia Pacific,GPFC,1999999999 GPFC,$0.639,forestry.stellar-commodities.com
Rio Tinto Group,RIO,1999999999 RIO,$0.634,uranium.stellar-commodities.com
BVN,BVN,3999998873 BVN,$0.619,silver.stellar-commodities.com
Norilsk Nickel,NNIC,1999999999 NNIC,$0.619,iron.stellar-commodities.com
POLY,POLY,4293999998 POLY,$0.613,gold.stellar-commodities.com
CPAL,CPAL,2140999999 CPAL,$0.604,No Domain
USSILVER,USSILVER,1735585.73 USSILVER,$0.595,No Domain
Copper Miners ETF,COPX,1112330753 COPX,$0.588,StellarETFs.com
Fresnillo,FNLPF,4146999368 FNLPF,$0.578,silver.stellar-commodities.com
Sovereign Gold Bonds,SGB,1464002404 SGB,$0.566,swisscustody.org
Coeur Mining Inc.,COEUR,3999999443 COEUR,$0.558,silver.stellar-commodities.com
Endeavour Mining,EDV,2146999999 EDV,$0.545,gold.stellar-commodities.com
NOKA,NOKA,2109999999 NOKA,$0.533,No Domain
Duke Energy Corp,DUKE,2146999999 DUKE,$0.531,gas.stellar-commodities.com
ITALYGOLD,ITALYGOLD,34779397.93 ITALYGOLD,$0.529,No Domain
RIPPLE,RIPPLE,83887363.64 RIPPLE,$0.525,No Domain
MAG,MAG,345489657.16 MAG,$0.521,No Domain
SIVR,SIVR,3999999973 SIVR,$0.507,silver.stellar-commodities.com
BHP Billiton,BLTN,1999999999 BLTN,$0.507,iron.stellar-commodities.com
INDUSXIPAY,INDUSXIPAY,39999988 INDUSXIPAY,$0.507,No Domain
IBM Semiconductors,IBM,1999999999 IBM,$0.506,silicon.stellar-commodities.com
TENCENT,TENCENT,1959217942 TENCENT,$0.497,No Domain
TotalEnergies SE,TOTE,2146999999 TOTE,$0.495,gas.stellar-commodities.com
Hecla Mining,HL,2146999999 HL,$0.478,gold.stellar-commodities.com
Peet’s Coffee,PEET,1029444777 PEET,$0.475,coffee.stellar-commodities.com
AGROEQUITY,FARM,29904021 FARM,$0.474,agrogenesis.in
Rio Tinto Group,TINTO,999999999 TINTO,$0.461,aluminum.stellar-commodities.com
Paladin Energy Ltd.,PDN,2146999999 PDN,$0.454,uranium.stellar-commodities.com
Mega Uranium Ltd.,MGA,2146999999 MGA,$0.454,uranium.stellar-commodities.com
Navoi Mining,NMMC,2146999999 NMMC,$0.454,uranium.stellar-commodities.com
KAP,KAP,2146999999 KAP,$0.454,uranium.stellar-commodities.com
BAIR,BAIR,2140999999 BAIR,$0.453,No Domain
Valore Metals Corp.,VAL,2146999999 VAL,$0.452,uranium.stellar-commodities.com
AMD,AMD,2157000000 AMD,$0.446,silicon.stellar-commodities.com
LG,LG,159394495.63 LG,$0.445,No Domain
SNA,SNA,2099999997 SNA,$0.444,aluminum.stellar-commodities.com
GOLDTRADE,GOLDTRADE,4166666.67 GOLDTRADE,$0.433,No Domain
Rayonier Inc.,RYN,1999999994 RYN,$0.423,forestry.stellar-commodities.com
Uranium Energy Corp.,UEC,1999999999 UEC,$0.422,uranium.stellar-commodities.com
Coeur Mining Inc.,CDE,2146999999 CDE,$0.419,gold.stellar-commodities.com
UROY,UROY,2146999999 UROY,$0.419,uranium.stellar-commodities.com
Iberdrola,IBD,2146999999 IBD,$0.419,gas.stellar-commodities.com
CENP,CENP,2140999999 CENP,$0.418,No Domain
B2Gold,BTG,2146999999 BTG,$0.413,gold.stellar-commodities.com
92 Energy Ltd.,92E,2146999999 92E,$0.413,uranium.stellar-commodities.com
QAL,QAL,2099999997 QAL,$0.410,aluminum.stellar-commodities.com
Tata Coffee,TACF,2099999444 TACF,$0.410,coffee.stellar-commodities.com
Strauss Group Ltd.,STRS,2099999444 STRS,$0.410,coffee.stellar-commodities.com
Petropavlovsk PLC,POG,2146999999 POG,$0.408,gold.stellar-commodities.com
Energy Fuels Inc.,EFI,2146999999 EFI,$0.407,uranium.stellar-commodities.com
United Company RUSAL,RUSAL,2099999997 RUSAL,$0.407,aluminum.stellar-commodities.com
Zinzino AB,ZZB,2099999987 ZZB,$0.404,coffee.stellar-commodities.com
THC,THC,2094444444 THC,$0.403,coffee.stellar-commodities.com
Sumitomo Forestry,SFY,2098798798 SFY,$0.397,forestry.stellar-commodities.com
Weyerhaeuser Company,WEY,1999999999 WEY,$0.390,forestry.stellar-commodities.com
BHP Billiton,BHP,1999999999 BHP,$0.390,coal.stellar-commodities.com
Vedanta Limited,VEDL,1999999998 VEDL,$0.390,aluminum.stellar-commodities.com
Gold Fields Ltd.,GFI,2146999999 GFI,$0.389,gold.stellar-commodities.com
Rockwell Diamonds,RKWL,2146999999 RKWL,$0.389,diamond.stellar-commodities.com
Adani Power Ltd,ADPW,2146999999 ADPW,$0.389,gas.stellar-commodities.com
CGN,CGN,2146999999 CGN,$0.389,uranium.stellar-commodities.com
Aura Energy Ltd.,AURA,2146999999 AURA,$0.389,uranium.stellar-commodities.com
Anfield Energy Inc.,AEC,2146999999 AEC,$0.389,uranium.stellar-commodities.com
ERA,ERA,2146999999 ERA,$0.389,uranium.stellar-commodities.com
Bannerman Energy,BMN,2146999999 BMN,$0.389,uranium.stellar-commodities.com
Ur-Energy Inc.,URE,2146999999 URE,$0.389,uranium.stellar-commodities.com
Manhattan Corp. Ltd.,MHC,2146999999 MHC,$0.389,uranium.stellar-commodities.com
IsoEnergy Ltd,ISO,2146999999 ISO,$0.389,uranium.stellar-commodities.com
RFP,RFP,1999999996 RFP,$0.387,forestry.stellar-commodities.com
WUC,WUC,2146999999 WUC,$0.386,uranium.stellar-commodities.com
Anglo American PLC,AAL,1999999999 AAL,$0.384,coal.stellar-commodities.com
Franco-Nevada Corp.,FNV,1999999999 FNV,$0.384,iron.stellar-commodities.com
MADN,MADN,1999999963 MADN,$0.384,aluminum.stellar-commodities.com
Azincourt Energy,AAZ,2146999999 AAZ,$0.381,uranium.stellar-commodities.com
ALX Uranium Corp.,ALX,2146999999 ALX,$0.381,uranium.stellar-commodities.com
General Atomics,GENA,2146999999 GENA,$0.381,uranium.stellar-commodities.com
PLU,PLU,2146999999 PLU,$0.381,uranium.stellar-commodities.com
Yunan Aluminium Co.,YUN,2099999979 YUN,$0.381,aluminum.stellar-commodities.com
WFG,WFG,2099999974 WFG,$0.381,forestry.stellar-commodities.com
Lavazza,LVZA,2009999994 LVZA,$0.381,coffee.stellar-commodities.com
Coal India Ltd.,CIL,1999999999 CIL,$0.379,coal.stellar-commodities.com
Surteco Group,SUR,2079999999 SUR,$0.377,forestry.stellar-commodities.com
AVNO,AVNO,4146999991 AVNO,$0.376,silver.stellar-commodities.com
CNNC,CNNC,2146999999 CNNC,$0.376,uranium.stellar-commodities.com
Elevate Uranium Ltd.,EUL,2146999999 EUL,$0.376,uranium.stellar-commodities.com
Caffe Nero,NERO,1999999444 NERO,$0.376,coffee.stellar-commodities.com
Tully’s Coffee,TULY,2109999997 TULY,$0.374,coffee.stellar-commodities.com
DAI,DAI,148404238 DAI,$0.374,No Domain
Norsk Hydro ASA,NORSK,1999999969 NORSK,$0.373,aluminum.stellar-commodities.com
MSN,MSN,2049999993 MSN,$0.372,forestry.stellar-commodities.com
SUNGOLD,SUNGOLD,281435.26 SUNGOLD,$0.370,No Domain
ANG,ANG,2146999999 ANG,$0.368,gold.stellar-commodities.com
Xinfa Group Co.,XINF,2009999997 XINF,$0.364,aluminum.stellar-commodities.com
Denison Mines,DNN,2146999999 DNN,$0.363,uranium.stellar-commodities.com
American Woodmark,AMWD,1999999999 AMWD,$0.362,forestry.stellar-commodities.com
ACNR Holdings Inc.,ACNR,1999999999 ACNR,$0.362,coal.stellar-commodities.com
DPD,DPD,1999999998 DPD,$0.362,forestry.stellar-commodities.com
ZSX,ZSX,1999999998 ZSX,$0.362,forestry.stellar-commodities.com
UFPI,UFPI,1999999998 UFPI,$0.362,forestry.stellar-commodities.com
Mingtai Aluminium,MING,1999999998 MING,$0.362,aluminum.stellar-commodities.com
Steico SE,STC,1999999997 STC,$0.362,forestry.stellar-commodities.com
Celulosa Arauco,ARCO,1999999994 ARCO,$0.362,forestry.stellar-commodities.com
Holmen AB,HOLM,1999999993 HOLM,$0.362,forestry.stellar-commodities.com
Patrick Industries,PATK,1999999987 PATK,$0.362,forestry.stellar-commodities.com
Stella-Jones,STJ,1999999987 STJ,$0.362,forestry.stellar-commodities.com
GT,GT,1444444444 GT,$0.362,rubber.stellar-commodities.com
VSMPO-AVISMA Corp.,VSMO,1989994444 VSMO,$0.360,aluminum.stellar-commodities.com
Caffe Ritazza,CRTZ,4054905903 CRTZ,$0.356,coffee.stellar-commodities.com
Peñoles Mining,IPOAF,4146999473 IPOAF,$0.351,silver.stellar-commodities.com
ACER,ACER,138461583 ACER,$0.350,No Domain
Costa coffee,COSTA,1899999444 COSTA,$0.344,coffee.stellar-commodities.com
GLC,GLC,452212.94 GLC,$0.343,No Domain
BHP Group,BHP,2146999999 BHP,$0.340,uranium.stellar-commodities.com
Nucor Corporation,NUE,2146999999 NUE,$0.339,steel.stellar-commodities.com
ARAMCO,ARAMCO,3999999998 ARAMCO,$0.338,gas.stellar-commodities.com
ALONG LANDBANK,IXV,266430005 IXV,$0.338,agrogenesis.in
Vanguard Growth ETF,VUG,133180461 VUG,$0.336,StellarETFs.com
SilverCrest Metals,SVC,4146999997 SVC,$0.329,silver.stellar-commodities.com
ITSILVERMINE,ITSILVERMINE,3390804.60 ITSILVERMINE,$0.327,No Domain
NXT,NXT,1074099123.02 NXT,$0.321,No Domain
De Beers Group,DEBEERS,1999999999 DEBEERS,$0.317,labdia.stellar-commodities.com
Dunkin’ Donuts,DNKN,1999999998 DNKN,$0.313,coffee.stellar-commodities.com
Nestle AG,NESN,1644444444 NESN,$0.311,coffee.stellar-commodities.com
BABA,BABA,1104145368 BABA,$0.311,No Domain
BARC,BARC,369672139 BARC,$0.304,No Domain
Intel Corporation,INTC,1999999999 INTC,$0.297,silicon.stellar-commodities.com
ROSN,ROSN,1029411764 ROSN,$0.297,No Domain
NNN,NNN,441819.48 NNN,$0.291,No Domain
The Samsung Group,SMNG,1999999999 SMNG,$0.288,silicon.stellar-commodities.com
Orla Mining Ltd.,ORLA,3999999996 ORLA,$0.282,silver.stellar-commodities.com
East Hope Group,EHG,111210082.10 EHG,$0.282,aluminum.stellar-commodities.com
Anglo American PLC,AAL,1999999999 AAL,$0.279,iron.stellar-commodities.com
Cannabis Growth Fund,VCAN,544250757 VCAN,$0.277,swisscustody.org
TATAPWR,TATAPWR,575000054.86 TATAPWR,$0.275,No Domain
SQM,SQM,2146999999 SQM,$0.272,lithium.stellar-commodities.com
Nexa Resources SA,NEXA,2144444444 NEXA,$0.272,gold.stellar-commodities.com
Exxon Mobil Corp,XOM,3999999998 XOM,$0.267,gas.stellar-commodities.com
SHELL,SHELL,210657495.92 SHELL,$0.267,No Domain
Trex Company,TREX,4179999998 TREX,$0.265,forestry.stellar-commodities.com
PLS,PLS,2146999999 PLS,$0.258,lithium.stellar-commodities.com
SVE,SVE,3999999943 SVE,$0.257,silver.stellar-commodities.com
SILVERBUY,SILVERBUY,11186856.57 SILVERBUY,$0.255,No Domain
Tata Steel Ltd.,TATA,3999999998 TATA,$0.254,steel.stellar-commodities.com
NPM,NPM,3999936935 NPM,$0.254,silver.stellar-commodities.com
Michelin,ML,994999993 ML,$0.251,rubber.stellar-commodities.com
NVTK,NVTK,825598517.67 NVTK,$0.249,No Domain
Alamos Gold,AGI,2146999999 AGI,$0.248,gold.stellar-commodities.com
DESILVERSALE,DESILVERSALE,13031914.89 DESILVERSALE,$0.240,No Domain
Enbridge Inc.,ENB,2146999999 ENB,$0.237,gas.stellar-commodities.com
Cameco Corp.,CCJ,2146999999 CCJ,$0.227,uranium.stellar-commodities.com
Argonaut Gold Inc.,AR,2146999999 AR,$0.227,gold.stellar-commodities.com
ARAMCO,ARAMCO,291555911.23 ARAMCO,$0.227,No Domain
TATAS,TATAS,354113341.33 TATAS,$0.225,No Domain
AQUA,AQUA,208.72 AQUA,$0.225,aqua.network
LKOH,LKOH,765956302.03 LKOH,$0.221,No Domain
TSMC,TSMC,117557632.41 TSMC,$0.217,No Domain
STWI,STWI,2146999999 STWI,$0.204,gas.stellar-commodities.com
Barrick Gold Corp.,BRK,2146999999 BRK,$0.195,gold.stellar-commodities.com
MMC,MMC,999999994 MMC,$0.195,aluminum.stellar-commodities.com
JPGOLDSALES,JPGOLDSALES,3333333.33 JPGOLDSALES,$0.195,No Domain
Dutch Bros. Coffee,DUBR,1022725904 DUBR,$0.192,coffee.stellar-commodities.com
Continental AG,CNTL,993996999 CNTL,$0.189,rubber.stellar-commodities.com
PPLT,PPLT,499999999 PPLT,$0.186,platinum.stellar-commodities.com
NLGOLDSALES,NLGOLDSALES,4081632.65 NLGOLDSALES,$0.186,No Domain
QSINDUS,QSINDUS,1454148.75 QSINDUS,$0.184,No Domain
New Found Gold Corp.,NFG,2146999999 NFG,$0.182,gold.stellar-commodities.com
INDUSSILVER,INDUSSILVER,909090.91 INDUSSILVER,$0.182,No Domain
FARMBOND 4.1%,FB04,50040409 FB04,$0.181,agrogenesis.in
AUSILVER,AUSILVER,2193463.48 AUSILVER,$0.178,No Domain
Hitachi Metals Ltd.,HITACHI,1999999999 HITACHI,$0.175,aluminum.stellar-commodities.com
Gold ETF,GETF,344188305 GETF,$0.175,StellarETFs.com
IPAYIN,IPAYIN,1000000 IPAYIN,$0.175,No Domain
PORSCHE,PORSCHE,54202024.10 PORSCHE,$0.174,No Domain
GOLD,GOLD,17644.02 GOLD,$0.174,No Domain
GOLDBUY,GOLDBUY,7272173.52 GOLDBUY,$0.171,No Domain
OGC,OGC,270045.57 OGC,$0.171,No Domain
Newmont,NEM,512500000 NEM,$0.170,gold.stellar-commodities.com
IPAYUSA,IPAYUSA,1136363.75 IPAYUSA,$0.170,No Domain
Oji Paper Co.,OJI,1999999998 OJI,$0.169,forestry.stellar-commodities.com
GEMINI,GEMINI,166277450.92 GEMINI,$0.169,No Domain
FAB,FAB,111202026.45 FAB,$0.169,No Domain
MTEK,MTEK,354545454.11 MTEK,$0.167,No Domain
GOLDX,GOLDX,23193.15 GOLDX,$0.166,No Domain
BMW,BMW,87517481.83 BMW,$0.163,No Domain
SilverCrest Metals,SIL,2146999999 SIL,$0.160,gold.stellar-commodities.com
NLSILVERSALE,NLSILVERSALE,3508771.93 NLSILVERSALE,$0.160,No Domain
IPAYIT,IPAYIT,3454231.43 IPAYIT,$0.160,No Domain
China Hongqiao,HNQ,515755959 HNQ,$0.158,aluminum.stellar-commodities.com
Klabin Co. Ltd.,KLBN,1999999987 KLBN,$0.154,forestry.stellar-commodities.com
ASUS,ASUS,600000051 ASUS,$0.154,No Domain
FRENCHSILVER,FRENCHSILVER,5500000 FRENCHSILVER,$0.154,No Domain
IPAYNL,IPAYNL,1282051.28 IPAYNL,$0.153,No Domain
Nvidia Corporation,NVDA,2146900000 NVDA,$0.152,silicon.stellar-commodities.com
BMW,BMW,200000072 BMW,$0.152,No Domain
Yamana Gold Inc.,AUY,2146999999 AUY,$0.151,gold.stellar-commodities.com
USGOLDSALES,USGOLDSALES,3909096.91 USGOLDSALES,$0.149,No Domain
GOLDBULLION,GOLDBULLION,2272737.60 GOLDBULLION,$0.149,No Domain
USSILVERMINE,USSILVERMINE,1727115.72 USSILVERMINE,$0.149,No Domain
GOLDDIVIDEND,GOLDDIVIDEND,916496.95 GOLDDIVIDEND,$0.149,No Domain
Centerra Gold Inc.,CGAU,2146999999 CGAU,$0.148,gold.stellar-commodities.com
RUGOLDSALES,RUGOLDSALES,1712023 RUGOLDSALES,$0.148,No Domain
AUSILVERMINE,AUSILVERMINE,925925.93 AUSILVERMINE,$0.148,No Domain
GOLDNOTE,GOLDNOTE,1555617.29 GOLDNOTE,$0.146,No Domain
SCEM,SCEM,2140999999 SCEM,$0.144,No Domain
RHDIVIDEND,RHDIVIDEND,1538461.54 RHDIVIDEND,$0.144,No Domain
IPAYFR,IPAYFR,1020408.16 IPAYFR,$0.142,No Domain
IPAYAU,IPAYAU,1136363.64 IPAYAU,$0.141,No Domain
QFSWALLETS,QFSWALLETS,17.22 QFSWALLETS,$0.141,xrpbc.stellarmint.io
PAAS,PAAS,2146999999 PAAS,$0.139,gold.stellar-commodities.com
Tianqi Lithium Corp.,TLC,2146999999 TLC,$0.137,lithium.stellar-commodities.com
Eldorado Gold Corp.,EGO,2146999999 EGO,$0.137,gold.stellar-commodities.com
Tiffany & Co.,TFC,2146999999 TFC,$0.136,diamond.stellar-commodities.com
Austin Gold Corp.,AUST,2146999999 AUST,$0.136,gold.stellar-commodities.com
ASM,ASM,2146999999 ASM,$0.136,gold.stellar-commodities.com
Petra Diamonds Ltd.,PDL,2146999999 PDL,$0.136,diamond.stellar-commodities.com
NextEra Energy Inc,NXT,2146999999 NXT,$0.136,gas.stellar-commodities.com
CONP,CONP,2146999999 CONP,$0.136,gas.stellar-commodities.com
NexGen Energy Ltd.,NXE,2146999999 NXE,$0.136,uranium.stellar-commodities.com
ARMZ Uranium Holding,ARMZ,2146999999 ARMZ,$0.136,uranium.stellar-commodities.com
Orano SA,ORA,2146999999 ORA,$0.136,uranium.stellar-commodities.com
Azarga Uranium Inc.,AZU,2146999999 AZU,$0.136,uranium.stellar-commodities.com
Yellow Cake PLC,YCA,2146999999 YCA,$0.136,uranium.stellar-commodities.com
BVN,BVN,2144444444 BVN,$0.136,gold.stellar-commodities.com
Orla Mining Ltd.,ORLA,2144444444 ORLA,$0.136,gold.stellar-commodities.com
BANQ,BANQ,2140999999 BANQ,$0.136,No Domain
PTT,PTT,2140999999 PTT,$0.136,No Domain
CPOK,CPOK,2140999999 CPOK,$0.136,No Domain
THAIR,THAIR,2140999999 THAIR,$0.136,No Domain
KBQ,KBQ,2140999999 KBQ,$0.136,No Domain
UEC,UEC,904444502.89 UEC,$0.135,No Domain
Luckin Coffee Inc.,LKNCY,1999999110 LKNCY,$0.134,coffee.stellar-commodities.com
TCP,TCP,2099999444 TCP,$0.133,coffee.stellar-commodities.com
PJSC Gazprom,GAZP,1999999999 GAZP,$0.133,gas.stellar-commodities.com
SILVERSPOT,SILVERSPOT,955933.31 SILVERSPOT,$0.131,No Domain
Uravan Minerals Inc.,URV,2146999999 URV,$0.130,uranium.stellar-commodities.com
GoviEx Uranium Inc.,GXU,2146999999 GXU,$0.130,uranium.stellar-commodities.com
GJC,GJC,2054752909 GJC,$0.130,coffee.stellar-commodities.com
TOYOTA,TOYOTA,578406062.20 TOYOTA,$0.129,No Domain
SBUX,SBUX,2019999999 SBUX,$0.128,coffee.stellar-commodities.com
EMAAR,EMAAR,5025125.63 EMAAR,$0.128,No Domain
KTHOUSE,KTHOUSE,13.86 KTHOUSE,$0.128,kthouse.co
De Beers Group,DBG,2146999999 DBG,$0.127,diamond.stellar-commodities.com
Tata Power Co. Ltd.,TATAPWR,2146999999 TATAPWR,$0.127,gas.stellar-commodities.com
CHYP,CHYP,2146999999 CHYP,$0.127,gas.stellar-commodities.com
ALEG,ALEG,2146999999 ALEG,$0.127,No Domain
HDI,HDI,2009999997 HDI,$0.127,forestry.stellar-commodities.com
BP plc,BP,1999999999 BP,$0.127,gas.stellar-commodities.com
Stora Enso Oyj,STRE,1999999999 STRE,$0.127,forestry.stellar-commodities.com
GWI,GWI,1999999999 GWI,$0.127,forestry.stellar-commodities.com
HMP,HMP,1999999998 HMP,$0.127,forestry.stellar-commodities.com
HOLZ,HOLZ,1999999987 HOLZ,$0.127,forestry.stellar-commodities.com
WFP,WFP,1999999987 WFP,$0.127,forestry.stellar-commodities.com
Dehua Co. Ltd.,DHU,1999999876 DHU,$0.127,forestry.stellar-commodities.com
Duratex,DTX,1999987987 DTX,$0.127,forestry.stellar-commodities.com
Svenska Cellulosa AB,SCA,700000000 SCA,$0.127,forestry.stellar-commodities.com
Silver,ROSILVER,5282.62 ROSILVER,$0.127,ro-stellar.co
SBQ,SBQ,2140999999 SBQ,$0.126,No Domain
IPAYDE,IPAYDE,228310.59 IPAYDE,$0.126,No Domain
Showa Denko K. K.,SDKK,2099999997 SDKK,$0.125,aluminum.stellar-commodities.com
CVX,CVX,985066857.27 CVX,$0.125,No Domain
Interfor Corporation,IFP,2099999997 IFP,$0.124,forestry.stellar-commodities.com
Enviva Partners LLP,ENVA,2099999997 ENVA,$0.124,forestry.stellar-commodities.com
Koppers Holdings,KPRS,2099999994 KPRS,$0.124,forestry.stellar-commodities.com
VUI,VUI,700000015 VUI,$0.124,uranium.stellar-commodities.com
RUGOLD,RUGOLD,7019793.27 RUGOLD,$0.124,No Domain
CASILVERSALE,CASILVERSALE,1666666.67 CASILVERSALE,$0.123,No Domain
RHTRANSFER,RHTRANSFER,1666666.67 RHTRANSFER,$0.122,No Domain
USGOLD,USGOLD,284090.92 USGOLD,$0.122,No Domain
RUGOLDMINE,RUGOLDMINE,845026.55 RUGOLDMINE,$0.120,No Domain
TLK,TLK,2009999997 TLK,$0.119,forestry.stellar-commodities.com
Qualcomm,QCOM,1999999999 QCOM,$0.118,silicon.stellar-commodities.com
NXP Semiconductors,NXPI,1999999999 NXPI,$0.118,silicon.stellar-commodities.com
Sierra-Pacific,SPX,1999999999 SPX,$0.118,forestry.stellar-commodities.com
Masco Corporation,MAS,1999999999 MAS,$0.118,forestry.stellar-commodities.com
Boise Cascade Co.,BCC,1999999999 BCC,$0.118,forestry.stellar-commodities.com
Nippon Steel Corp.,NPN,1999999999 NPN,$0.118,steel.stellar-commodities.com
JELD-WEN Holding,JELD,1999999944 JELD,$0.118,forestry.stellar-commodities.com
Canfor Corporation,CFP,1999999876 CFP,$0.118,forestry.stellar-commodities.com
Norbord Inc.,NRBD,1996969694 NRBD,$0.118,forestry.stellar-commodities.com
FIVR,FIVR,310526334.21 FIVR,$0.118,No Domain
SILVERTRADE,SILVERTRADE,3879310.34 SILVERTRADE,$0.118,No Domain
ITGOLDSALES,ITGOLDSALES,2941176.47 ITGOLDSALES,$0.118,No Domain
GOLDTRANSFER,GOLDTRANSFER,1666666.67 GOLDTRANSFER,$0.118,No Domain
QNB,QNB,130002002.69 QNB,$0.117,No Domain
GOLDMINE,GOLDMINE,2083333.33 GOLDMINE,$0.116,No Domain
SLVRTRANSFER,SLVRTRANSFER,1759834.37 SLVRTRANSFER,$0.116,No Domain
GOLDRESERVE,GOLDRESERVE,752129.88 GOLDRESERVE,$0.115,No Domain
CONT,CONT,1537064179 CONT,$0.114,No Domain
INSILVERSALE,INSILVERSALE,2941176.47 INSILVERSALE,$0.112,No Domain
AUSILVERSALE,AUSILVERSALE,1470588.24 AUSILVERSALE,$0.112,No Domain
SILVERMINE,SILVERMINE,1724137.93 SILVERMINE,$0.109,No Domain
GSINDUS,GSINDUS,518409.20 GSINDUS,$0.108,No Domain
DEGOLDSALES,DEGOLDSALES,1877289.38 DEGOLDSALES,$0.107,No Domain
RHODIUMMINE,RHODIUMMINE,1282051.28 RHODIUMMINE,$0.107,No Domain
SLVRDIVIDEND,SLVRDIVIDEND,714285.71 SLVRDIVIDEND,$0.105,No Domain
FARMBOND 110.1%,FB01,234701889.95 FB01,$0.104,agrogenesis.in
MEITUAN,MEITUAN,210006999.90 MEITUAN,$0.102,No Domain
IPAYSWISS,IPAYSWISS,6666668 IPAYSWISS,$0.101,No Domain
RHODIUMSPOT,RHODIUMSPOT,352113.42 RHODIUMSPOT,$0.101,No Domain
Pirelli,PIRC,1696969696 PIRC,$0.100,rubber.stellar-commodities.com
Xstrata,XST,400000699 XST,$0.100,platinum.stellar-commodities.com
CAGOLDSALES,CAGOLDSALES,2631578.95 CAGOLDSALES,$0.100,No Domain
GOLDSPOT,GOLDSPOT,1001224.84 GOLDSPOT,$0.0991,No Domain
USGOLDMINE,USGOLDMINE,2631578.95 USGOLDMINE,$0.0935,No Domain
RR,RR,305598255.80 RR,$0.0923,No Domain
AUGOLDSALES,AUGOLDSALES,1136363.64 AUGOLDSALES,$0.0923,No Domain
Century Aluminum Co.,CENX,1444444444 CENX,$0.0917,aluminum.stellar-commodities.com
SEBA,SEBA,1285443.20 SEBA,$0.0913,swisscustody.org
IPAYJP,IPAYJP,3648645.45 IPAYJP,$0.0906,No Domain
KOCH,KOCH,262553196 KOCH,$0.0894,No Domain
USSILVERSALE,USSILVERSALE,2909090.91 USSILVERSALE,$0.0886,No Domain
IPAY,IPAY,1833337.33 IPAY,$0.0884,No Domain
MELD,MELD,111709.46 MELD,$0.0882,No Domain
CAGOLDMINE,CAGOLDMINE,3846154.34 CAGOLDMINE,$0.0878,No Domain
CASILVER,CASILVER,2857142.86 CASILVER,$0.0870,No Domain
NOVA,NOVA,565608723.91 NOVA,$0.0857,No Domain
AUGOLDMINE,AUGOLDMINE,1724137.93 AUGOLDMINE,$0.0831,No Domain
GOLDINVEST,GOLDINVEST,1724137.93 GOLDINVEST,$0.0828,No Domain
DGX,DGX,103532.92 DGX,$0.0817,No Domain
DUTCHSILVER,DUTCHSILVER,3571428.57 DUTCHSILVER,$0.0816,No Domain
FRSILVERSALE,FRSILVERSALE,3571428.57 FRSILVERSALE,$0.0816,No Domain
AWG,AWG,177426.85 AWG,$0.0810,No Domain
RHODIUMBUY,RHODIUMBUY,3448275.86 RHODIUMBUY,$0.0787,No Domain
INDIAGOLD,INDIAGOLD,1470588.24 INDIAGOLD,$0.0783,No Domain
GEC,GEC,61451000 GEC,$0.0780,No Domain
Lonmin PLC,LNM,275000100 LNM,$0.0775,platinum.stellar-commodities.com
DEGOLDMINE,DEGOLDMINE,2325581.40 DEGOLDMINE,$0.0767,No Domain
AGLD,AGLD,94620.75 AGLD,$0.0756,No Domain
RHBULLION,RHBULLION,2083496.09 RHBULLION,$0.0740,No Domain
INDUSGOLD,INDUSGOLD,2080952 INDUSGOLD,$0.0739,No Domain
KGHM,KGHM,375000019 KGHM,$0.0711,platinum.stellar-commodities.com
SILVERNOTE,SILVERNOTE,1065199 SILVERNOTE,$0.0703,No Domain
FRGOLDMINE,FRGOLDMINE,1428571.43 FRGOLDMINE,$0.0689,No Domain
SLVRBULLION,SLVRBULLION,833333.67 SLVRBULLION,$0.0684,No Domain
PGM,PGM,350000099 PGM,$0.0683,platinum.stellar-commodities.com
JPGOLDMINE,JPGOLDMINE,1669449.08 JPGOLDMINE,$0.0678,No Domain
JPSILVERMINE,JPSILVERMINE,1666666.67 JPSILVERMINE,$0.0677,No Domain
Toyoda Gosei,TOYO,1000000004 TOYO,$0.0668,rubber.stellar-commodities.com
SLV,SLV,205052493.64 SLV,$0.0668,No Domain
GAZ,GAZ,10000000 GAZ,$0.0660,No Domain
SILVERPAY,SILVERPAY,2000000 SILVERPAY,$0.0660,No Domain
GOLDNOTEUSA,GOLDNOTEUSA,5005005 GOLDNOTEUSA,$0.0643,No Domain
IPAYRU,IPAYRU,2500000 IPAYRU,$0.0634,No Domain
CAGOLD,CAGOLD,2083333.33 CAGOLD,$0.0634,No Domain
IPAYSA,IPAYSA,16581631.59 IPAYSA,$0.0631,No Domain
JAPANSILVER,JAPANSILVER,2083333.33 JAPANSILVER,$0.0631,No Domain
PETRO,PETRO,990000000 PETRO,$0.0628,gas.stellar-commodities.com
IPAYSWEDE,IPAYSWEDE,8130081.30 IPAYSWEDE,$0.0619,No Domain
INGOLDMINE,INGOLDMINE,2127660.31 INGOLDMINE,$0.0615,No Domain
DESILVERMINE,DESILVERMINE,1730103.81 DESILVERMINE,$0.0615,No Domain
Hankook Tire & Tech.,HNK,1000000004 HNK,$0.0591,rubber.stellar-commodities.com
VLN,VLN,464597761 VLN,$0.0589,No Domain
INSILVERMINE,INSILVERMINE,1785714.29 INSILVERMINE,$0.0589,No Domain
TSLA,TSLA,29782499.54 TSLA,$0.0580,No Domain
RHINVEST,RHINVEST,1886793 RHINVEST,$0.0574,No Domain
GOLDPAY,GOLDPAY,1502629.60 GOLDPAY,$0.0571,No Domain
DEGOLD,DEGOLD,2785516 DEGOLD,$0.0565,No Domain
FRENCHGOLD,FRENCHGOLD,4922291.54 FRENCHGOLD,$0.0562,No Domain
IPAYFIN,IPAYFIN,19000000 IPAYFIN,$0.0555,No Domain
AFREUM,AFR,517.65 AFR,$0.0550,afreum.com
DUTCHGOLD,DUTCHGOLD,3571428.57 DUTCHGOLD,$0.0544,No Domain
SARHODIUM,SARHODIUM,625000 SARHODIUM,$0.0540,No Domain
INDIASILVER,INDIASILVER,1111111.11 INDIASILVER,$0.0536,No Domain
IPAYBE,IPAYBE,6439150.03 IPAYBE,$0.0531,No Domain
CAMT,CAMT,822222330 CAMT,$0.0522,No Domain
AUGOLD,AUGOLD,1470588.24 AUGOLD,$0.0522,No Domain
CASILVERMINE,CASILVERMINE,1470588.24 CASILVERMINE,$0.0522,No Domain
RUSILVERMINE,RUSILVERMINE,161509.90 RUSILVERMINE,$0.0520,No Domain
DESILVER,DESILVER,3333333.33 DESILVER,$0.0507,No Domain
IPAYCA,IPAYCA,2000000 IPAYCA,$0.0507,No Domain
FARMBOND 6.21%,FB03,12124959.90 FB03,$0.0504,agrogenesis.in
AGROGENESIS,AGRO,0.00587 AGRO,$0.0500,agrogenesis.in
RURHODIUM,RURHODIUM,476190.48 RURHODIUM,$0.0495,No Domain
UMC,UMC,310309332.77 UMC,$0.0492,No Domain
VOD,VOD,171444445 VOD,$0.0483,No Domain
ROSEAU,ROSEAU,13181.55 ROSEAU,$0.0482,No Domain
CARHODIUM,CARHODIUM,3733333.33 CARHODIUM,$0.0478,No Domain
RUSILVER,RUSILVER,781250 RUSILVER,$0.0476,No Domain
IPAYICE,IPAYICE,8970648.67 IPAYICE,$0.0467,No Domain
SILVERINVEST,SILVERINVEST,1666666.67 SILVERINVEST,$0.0465,No Domain
SILVERESERVE,SILVERESERVE,505050.51 SILVERESERVE,$0.0449,No Domain
VGOK,VGOK,700000015 VGOK,$0.0444,uranium.stellar-commodities.com
Vimy Resources Ltd.,VMY,700000015 VMY,$0.0444,uranium.stellar-commodities.com
RDSA,RDSA,171993346 RDSA,$0.0436,No Domain
ITALYSILVER,ITALYSILVER,1205870.27 ITALYSILVER,$0.0428,No Domain
Kaiser Aluminum,KALU,10000615 KALU,$0.0423,aluminum.stellar-commodities.com
FRGOLDSALES,FRGOLDSALES,1500000 FRGOLDSALES,$0.0421,No Domain
VOW,VOW,203869487.83 VOW,$0.0397,No Domain
HONDA,HONDA,124563906.89 HONDA,$0.0395,No Domain
GOLDNOTERU,GOLDNOTERU,20535714.29 GOLDNOTERU,$0.0389,No Domain
INVZ,INVZ,33600424 INVZ,$0.0373,No Domain
ITSILVERSALE,ITSILVERSALE,2083333.33 ITSILVERSALE,$0.0370,No Domain
NONGFU,NONGFU,139759999.92 NONGFU,$0.0345,No Domain
WHITEAU,WHITEAU,12333.86 WHITEAU,$0.0345,No Domain
ITGOLDMINE,ITGOLDMINE,2083333.33 ITGOLDMINE,$0.0344,No Domain
JAPANGOLD,JAPANGOLD,2083333.33 JAPANGOLD,$0.0340,No Domain
AFREUM IDR,AIDR,316.45 AIDR,$0.0332,afreum.com
BP,BP,153912314.48 BP,$0.0325,No Domain
RHODIUMNOTE,RHODIUMNOTE,847457.63 RHODIUMNOTE,$0.0323,No Domain
RUSILVERSALE,RUSILVERSALE,847457.63 RUSILVERSALE,$0.0323,No Domain
LLOY,LLOY,176940332.22 LLOY,$0.0321,No Domain
AABBG,AABBG,16807.35 AABBG,$0.0318,No Domain
IPAYNOR,IPAYNOR,8167932.70 IPAYNOR,$0.0311,No Domain
YELLOWAU,YELLOWAU,9718.86 YELLOWAU,$0.0303,No Domain
INGOLDSALES,INGOLDSALES,724637.68 INGOLDSALES,$0.0294,No Domain
IPAYUK,IPAYUK,4347826.09 IPAYUK,$0.0292,No Domain
JPSILVERSALE,JPSILVERSALE,1020408.16 JPSILVERSALE,$0.0286,No Domain
GOLDNOTESW,GOLDNOTESW,10405827.26 GOLDNOTESW,$0.0275,No Domain
GoldNote,GOLDNOTE,9803.92 GOLDNOTE,$0.0275,induspay.gold
FARMBOND 10.11%,FB02,18369508.80 FB02,$0.0233,agrogenesis.in
GOLDNOTECN,GOLDNOTECN,6738090.43 GOLDNOTECN,$0.0182,No Domain
PHOR,PHOR,16977928.69 PHOR,$0.0172,No Domain
FRSILVERMINE,FRSILVERMINE,406504.17 FRSILVERMINE,$0.0144,No Domain
GREENAU,GREENAU,8636.91 GREENAU,$0.0142,No Domain
MODL,MODL,30000100 MODL,$0.0127,No Domain
TAIR,TAIR,59595980 TAIR,$0.0108,No Domain
TSLA,TSLA,14337858.14 TSLA,$0.0102,No Domain
XOM,XOM,60679899.64 XOM,$0.00990,No Domain
AFREUM INR,AINR,14.71 AINR,$0.00781,afreum.com
AKRN,AKRN,16844244 AKRN,$0.00725,No Domain
TESLA,TESLA,0 TESLA,null,No Domain
CCI,CCI,0 CCI,null,No Domain
RYMAN,RYMAN,0 RYMAN,null,No Domain
TATA,TATA,0 TATA,null,No Domain
AMT,AMT,0 AMT,null,No Domain
SP500,SP500,0 SP500,null,No Domain
WEYERHAEUSER,WEYERHAEUSER,0 WEYERHAEUSER,null,No Domain
VNA,VNA,0 VNA,null,No Domain
ADANI,ADANI,0 ADANI,null,No Domain
SOLR,SOLR,0 SOLR,null,No Domain
DJI,DJI,0 DJI,null,No Domain
PARAMOUNT,PARAMOUNT,0 PARAMOUNT,null,No Domain
PSA,PSA,0 PSA,null,No Domain
BLUEROCK,BLUEROCK,0 BLUEROCK,null,No Domain
ASX,ASX,0 ASX,null,No Domain
DLR,DLR,0 DLR,null,No Domain
APOLLO,APOLLO,0 APOLLO,null,No Domain
NOMURA,NOMURA,0 NOMURA,null,No Domain
MINDSPACE,MINDSPACE,0 MINDSPACE,null,No Domain
NI225,NI225,0 NI225,null,No Domain
DAX,DAX,0 DAX,null,No Domain
SMI,SMI,0 SMI,null,No Domain
AEON,AEON,0 AEON,null,No Domain
GMG,GMG,0 GMG,null,No Domain
AIR,AIR,0 AIR,null,No Domain
IXIC,IXIC,0 IXIC,null,No Domain
COVIVIO,COVIVIO,0 COVIVIO,null,No Domain
BROADSTONE,BROADSTONE,0 BROADSTONE,null,No Domain
VEREIT,VEREIT,0 VEREIT,null,No Domain
DIAR,DIAR,0 DIAR,null,No Domain
DIGI,DIGI,0 DIGI,null,No Domain
UKX,UKX,0 UKX,null,No Domain
BXMT,BXMT,0 BXMT,null,No Domain
NNN,NNN,0 NNN,null,No Domain
FLCT,FLCT,0 FLCT,null,No Domain
KIMCO,KIMCO,0 KIMCO,null,No Domain
CHMP,CHMP,0 CHMP,null,No Domain
MRVC,MRVC,0 MRVC,null,No Domain
LINK,LINK,0 LINK,null,No Domain
NXRT,NXRT,0 NXRT,null,No Domain
CIM,CIM,0 CIM,null,No Domain
MAC,MAC,0 MAC,null,No Domain
KITE,KITE,0 KITE,null,No Domain
RLJ,RLJ,0 RLJ,null,No Domain
SABRA,SABRA,0 SABRA,null,No Domain
IRT,IRT,0 IRT,null,No Domain
MREIC,MREIC,0 MREIC,null,No Domain
PEB,PEB,0 PEB,null,No Domain
URBAN,URBAN,0 URBAN,null,No Domain
NYMT,NYMT,0 NYMT,null,No Domain
SAGAX,SAGAX,0 SAGAX,null,No Domain
SITE,SITE,0 SITE,null,No Domain
undefined,undefined,undefined undefined,undefined,undefined
'